sample_index,question_id,model,CB_NLI
1,6873,DeepSeek-V3-0324,0.15709435347001863
2,2942,DeepSeek-V3-0324,-0.00033561184165498484
