sample_index,question_id,model,CB_SAS
1,6873,DeepSeek-V3-0324,0.07811623811721802
2,2942,DeepSeek-V3-0324,0.049650222063064575
